PAGE,STATUS,TITLE,H1,META DESCRIPTION,CONTENT COMPLETE?,INTERNAL LINKS?,CTA?,SCHEMA?,INDEXABLE?,WORD COUNT,BROKEN INTERNAL LINKS
/,200,Contractor Build — Everything Contractors Need to Grow,Build your business.Book more jobs.,"Websites, SEO, advertising, tracking, and growth systems built for contractors.",YES,YES,YES,YES,YES,1019,
/services/,200,Contractor Marketing Services | Contractor Build,Contractor Growth Services,"Explore Contractor Build services for websites, SEO, advertising, conversion, tracking, CRM, and follow-up.",YES,YES,YES,YES,YES,563,
/industries/,200,Industries We Serve | Contractor Build,Industries We Help Grow,Explore contractor marketing strategies shaped around the customer journey and economics of each trade.,YES,YES,YES,YES,YES,603,
/services/contractor-websites/,200,Contractor Website Design | Contractor Build,Contractor Website Design,"Custom, mobile-first WordPress websites for contractors, with conversion strategy, technical SEO, service pages, tracking, and CRM-ready forms.",YES,YES,YES,YES,YES,540,
/services/contractor-seo/,200,Contractor SEO Services | Contractor Build,Contractor SEO,"People-first contractor SEO covering technical health, service content, internal links, authority, local relevance, and measurement.",YES,YES,YES,YES,YES,530,
/services/local-seo/,200,Local SEO for Contractors | Contractor Build,Local SEO,"Local SEO for contractors across websites, Google Maps, citations, reviews, local content, and legitimate service-area relevance.",YES,YES,YES,YES,YES,523,
/services/google-ads/,200,Google Ads for Contractors | Contractor Build,Google Ads Management,"Contractor Google Ads management with search strategy, negative keywords, geo controls, landing pages, call tracking, and transparent optimization.",YES,YES,YES,YES,YES,520,
/services/local-services-ads/,200,Local Services Ads for Contractors | Contractor Build,Google Local Services Ads,"LSA setup and management for eligible contractors, including service configuration, budgets, lead handling, monitoring, and available disputes.",YES,YES,YES,YES,YES,523,
/services/social-media-advertising/,200,Social Media Advertising for Contractors | Contractor Build,Social Media Advertising,"Facebook and Instagram advertising for contractors, including creative, local audiences, lead forms, landing pages, retargeting, and tracking.",YES,YES,YES,YES,YES,524,
/services/google-business-profile/,200,Google Business Profile Optimization | Contractor Build,Google Business Profile Optimization,"Legitimate Google Business Profile optimization for contractors covering categories, services, photos, posts, reviews, and local alignment.",YES,YES,YES,YES,YES,521,
/services/lead-generation/,200,Contractor Lead Generation | Contractor Build,Contractor Lead Generation,"Connected contractor lead generation using search, paid media, landing pages, tracking, qualification, and follow-up.",YES,YES,YES,YES,YES,515,
/services/reputation-management/,200,Reputation Management for Contractors | Contractor Build,Reputation Management,"Legitimate contractor review requests, monitoring, response workflows, feedback routing, and reputation reporting without fake reviews.",YES,YES,YES,YES,YES,511,
/services/marketing-automation/,200,Marketing Automation for Contractors | Contractor Build,Marketing Automation,"Contractor marketing automation for lead routing, missed calls, SMS, email, reminders, pipeline stages, and reactivation.",YES,YES,YES,YES,YES,519,
/services/analytics-tracking/,200,Analytics and Lead Tracking for Contractors | Contractor Build,Analytics & Lead Tracking,"GA4, Tag Manager, call and form tracking, attribution, CRM feedback, and contractor marketing dashboards.",YES,YES,YES,YES,YES,520,
/services/branding/,200,Contractor Branding and Content | Contractor Build,Contractor Branding & Content,"Brand strategy, identity, messaging, project content, campaign creative, and practical guidelines for contractor businesses.",YES,YES,YES,YES,YES,516,
/services/landing-page-design/,200,Landing Page Design for Contractors | Contractor Build,Contractor Landing Page Design,"Fast contractor landing pages with message match, proof, qualification, mobile calls, forms, and conversion tracking.",YES,YES,YES,YES,YES,510,
/services/conversion-optimization/,200,Conversion Optimization for Contractor Websites | Contractor Build,Conversion Optimization,"Contractor conversion optimization using behavioral evidence, call and form data, UX improvements, and controlled tests.",YES,YES,YES,YES,YES,508,
/services/service-area-seo/,200,Service Area SEO for Contractors | Contractor Build,Service Area SEO,"Research-led service-area SEO with useful local pages, internal links, proof, structured data, and performance measurement.",YES,YES,YES,YES,YES,500,
/services/crm-integration/,200,CRM Integration for Contractors | Contractor Build,Contractor CRM Integration,"Connect contractor forms, calls, ads, routing, pipeline stages, and revenue outcomes without losing attribution.",YES,YES,YES,YES,YES,507,
/services/call-tracking/,200,Call Tracking for Contractors | Contractor Build,Contractor Call Tracking,"Dynamic number insertion, source attribution, call outcomes, privacy controls, and reporting for contractor marketing.",YES,YES,YES,YES,YES,499,
/services/retargeting/,200,Retargeting for Contractors | Contractor Build,Contractor Retargeting,"Consent-aware Google and Meta retargeting for contractor prospects using segmented audiences, credible creative, frequency controls, and measurement.",YES,YES,YES,YES,YES,503,
/services/email-sms-follow-up/,200,Email and SMS Follow-Up for Contractors | Contractor Build,Email & SMS Follow-Up,"Contractor email and SMS workflows for lead acknowledgement, estimate follow-up, reminders, reactivation, consent, and opt-outs.",YES,YES,YES,YES,YES,502,
/services/competitor-research/,200,Competitor Research for Contractors | Contractor Build,Contractor Competitor Research,"Contractor competitor research across positioning, services, search visibility, ads, offers, reviews, content, and conversion experience.",YES,YES,YES,YES,YES,506,
/services/keyword-research/,200,Keyword Research for Contractors | Contractor Build,Contractor Keyword Research,"Contractor keyword research organized by service, urgency, intent, geography, seasonality, and business value.",YES,YES,YES,YES,YES,499,
/industries/locksmith-marketing/,200,Locksmith Marketing | Contractor Build,Locksmith Marketing,"Emergency intent, trust, mobile speed, accurate service areas, Maps and eligible LSA visibility define locksmith acquisition. Build a measurable website, search, advertising, tracking, and follow-up system.",YES,YES,YES,YES,YES,503,
/industries/roofing-marketing/,200,Roofing Marketing | Contractor Build,Roofing Marketing,"Roofing growth must balance storm demand, urgent repairs, planned replacement, insurance questions, and high-ticket estimate follow-up. Build a measurable website, search, advertising, tracking, and follow-up system.",YES,YES,YES,YES,YES,500,
/industries/hvac-marketing/,200,HVAC Marketing | Contractor Build,HVAC Marketing,"HVAC acquisition spans emergency no-cool calls, seasonal maintenance, indoor air quality, and considered system replacement. Build a measurable website, search, advertising, tracking, and follow-up system.",YES,YES,YES,YES,YES,494,
/industries/plumber-marketing/,200,Plumber Marketing | Contractor Build,Plumber Marketing,"Plumbing marketing must route urgent leaks and stoppages alongside water heaters, repiping, fixtures, and planned work. Build a measurable website, search, advertising, tracking, and follow-up system.",YES,YES,YES,YES,YES,500,
/industries/electrician-marketing/,200,Electrician Marketing | Contractor Build,Electrician Marketing,"Electrical demand ranges from troubleshooting to panels, generators, EV chargers, lighting, and rewiring. Build a measurable website, search, advertising, tracking, and follow-up system.",YES,YES,YES,YES,YES,487,
/industries/general-contractor-marketing/,200,General Contractor Marketing | Contractor Build,General Contractor Marketing,"General contractors need qualified project pipelines built on credibility, scope fit, project evidence, and longer-consideration nurture. Build a measurable website, search, advertising, tracking, and follow-up system.",YES,YES,YES,YES,YES,502,
/industries/remodeling-marketing/,200,Remodeling Marketing | Contractor Build,Remodeling Marketing,"Remodeling customers compare aesthetics, trust, process, investment fit, and project experience over a long research journey. Build a measurable website, search, advertising, tracking, and follow-up system.",YES,YES,YES,YES,YES,497,
/industries/garage-door-marketing/,200,Garage Door Company Marketing | Contractor Build,Garage Door Company Marketing,"Garage-door companies balance urgent repairs with planned door replacement and installation. Build a measurable website, search, advertising, tracking, and follow-up system.",YES,YES,YES,YES,YES,489,
/industries/landscaping-marketing/,200,Landscaping Marketing | Contractor Build,Landscaping Marketing,"Landscapers often serve recurring maintenance and high-value design-build work with different audiences and economics. Build a measurable website, search, advertising, tracking, and follow-up system.",YES,YES,YES,YES,YES,491,
/industries/painting-marketing/,200,Painting Contractor Marketing | Contractor Build,Painting Contractor Marketing,"Painting customers evaluate scope, preparation, finish quality, scheduling, and trust for residential or commercial work. Build a measurable website, search, advertising, tracking, and follow-up system.",YES,YES,YES,YES,YES,496,
/industries/pest-control-marketing/,200,Pest Control Marketing | Contractor Build,Pest Control Marketing,"Pest control acquisition mixes urgent infestations, pest-specific research, recurring plans, seasonality, and safety questions. Build a measurable website, search, advertising, tracking, and follow-up system.",YES,YES,YES,YES,YES,493,
/industries/moving-company-marketing/,200,Moving Company Marketing | Contractor Build,Moving Company Marketing,"Moving leads are date-, origin-, destination-, inventory-, and service-dependent, making qualification and rapid quoting critical. Build a measurable website, search, advertising, tracking, and follow-up system.",YES,YES,YES,YES,YES,498,
/industries/restoration-marketing/,200,Restoration Company Marketing | Contractor Build,Restoration Company Marketing,"Restoration demand is urgent, event-driven, trust-sensitive, and often involves insurance and complex service categories. Build a measurable website, search, advertising, tracking, and follow-up system.",YES,YES,YES,YES,YES,496,
/industries/concrete-marketing/,200,Concrete Contractor Marketing | Contractor Build,Concrete Contractor Marketing,"Concrete customers need clear project capabilities, site and access expectations, visual proof, and efficient scope qualification. Build a measurable website, search, advertising, tracking, and follow-up system.",YES,YES,YES,YES,YES,495,
/industries/flooring-marketing/,200,Flooring Contractor Marketing | Contractor Build,Flooring Contractor Marketing,"Flooring acquisition combines material research, installation expertise, in-home measurement, commercial scope, and visual choice. Build a measurable website, search, advertising, tracking, and follow-up system.",YES,YES,YES,YES,YES,488,
/industries/fencing-marketing/,200,Fencing Company Marketing | Contractor Build,Fencing Company Marketing,"Fence buyers compare material, privacy, security, property constraints, lead times, and installation quality. Build a measurable website, search, advertising, tracking, and follow-up system.",YES,YES,YES,YES,YES,491,
/industries/pool-company-marketing/,200,Pool Company Marketing | Contractor Build,Pool Company Marketing,"Pool businesses may combine long-cycle construction, renovation, repair, and recurring service with strong seasonality. Build a measurable website, search, advertising, tracking, and follow-up system.",YES,YES,YES,YES,YES,490,
/industries/cleaning-company-marketing/,200,Cleaning Company Marketing | Contractor Build,Cleaning Company Marketing,"Cleaning companies balance local trust, recurring schedules, one-time services, commercial needs, and route density. Build a measurable website, search, advertising, tracking, and follow-up system.",YES,YES,YES,YES,YES,493,
/industries/solar-contractor-marketing/,200,Solar Contractor Marketing | Contractor Build,Solar Contractor Marketing,"Solar marketing requires education, qualification, finance clarity, long-cycle follow-up, and careful compliance. Build a measurable website, search, advertising, tracking, and follow-up system.",YES,YES,YES,YES,YES,488,
/about/,200,About Contractor Build | Contractor Growth Team,About Contractor Build,"Learn why Contractor Build connects websites, visibility, advertising, tracking, and follow-up for contractor and home-service companies.",YES,YES,YES,YES,YES,462,
/contact/,200,Contact Contractor Build,Contact,"Contact Contractor Build about contractor websites, SEO, paid media, lead tracking, automation, and growth strategy.",YES,YES,YES,YES,YES,356,
/free-marketing-audit/,200,Free Contractor Marketing Audit | Contractor Build,Free Contractor Marketing Audit,"Request a practical audit of your contractor website, SEO, Maps, ads, reviews, tracking, competitors, and lead follow-up.",YES,YES,YES,YES,YES,433,
/privacy-policy/,200,Privacy Policy | Contractor Build,Privacy Policy,"Read the Contractor Build privacy notice covering submitted information, attribution data, service providers, retention, and privacy choices.",YES,YES,YES,YES,YES,466,
/terms/,200,Website Terms | Contractor Build,Terms,"Review the terms governing informational use of the Contractor Build website, submissions, intellectual property, and disclaimers.",YES,YES,YES,YES,YES,427,
/resources/,200,Contractor Marketing Resources | Contractor Build,Contractor Marketing Resources,"Explore useful guides about contractor websites, SEO, Google Ads, local visibility, lead generation, social advertising, and business growth.",YES,YES,YES,YES,YES,314,
/accessibility/,200,Accessibility | Contractor Build,Accessibility,Learn about Contractor Build’s accessibility commitment and how to report a barrier.,YES,YES,YES,YES,YES,302,
/results/,200,Contractor Marketing Case Studies | Contractor Build,Results & Case Studies,"Explore verified Contractor Build case studies as they become available. No fabricated clients, revenue, leads, rankings, or advertising results.",YES,YES,YES,YES,YES,387,
